customer_id,poc_type,avg_order_value,visit_frequency,loyalty_score,budget_constraint,seasonality_factor,competitive_pressure,sales_rep_quality
CUST_001,Bar,2098.0284918067396,low,0.719085349831883,0.5469351122820858,0.8558151714100576,0.15124758808575375,0.8703338723338379
CUST_002,Bar,1717.0414192972892,high,0.4953452737796893,0.4178783316628422,0.8874551899214413,0.3526776440516812,0.5132679848419318
CUST_003,Restaurant,3018.150830480554,high,0.6549191064456662,0.72696488836193,0.8881762488162787,0.39463284193795434,0.9047152283389133
CUST_004,Bar,2713.817913844815,low,0.6886975764917588,0.6041503099107951,0.8621917999247126,0.5786065361033906,0.6682972725563134
CUST_005,Bar,1659.5079751659985,medium,0.2677014637834248,0.9084966198084758,1.0414904125467563,0.5035641366371901,0.8648658933469089
CUST_006,Bar,1659.5178258304916,medium,0.2551601386549207,0.5759069688442557,1.0514559197977773,0.5427258739684034,0.6808175130834883
CUST_007,Restaurant,3763.370252405913,high,0.24868860417661864,0.7967579911406262,1.1092273363154768,0.5926107603303788,0.9276588605075735
CUST_008,Bar,2260.460837491745,medium,0.3945815221770645,0.7814106665586401,0.9459328715880337,0.28509048355844135,0.6047535153857438
CUST_009,Supermarket,3436.6307368780576,high,0.8556582113987459,0.7888212311479561,1.0436524022667952,0.1855693240990485,0.8645633989751746
CUST_010,Restaurant,2934.0480348687715,medium,0.4656188092303534,0.9937140103819572,1.055999903941637,0.3784748718873231,0.8423071254949372
CUST_011,Bar,1521.9493843125226,low,0.7752618158047657,0.8830274804627286,0.9604659148089316,0.13309430260577362,0.9565680620927726
CUST_012,Supermarket,3441.124295715692,low,0.658807065706416,0.6373791406363986,1.1658190358962175,0.3294259262936994,0.6324400832490262
CUST_013,Restaurant,2693.5698172528273,high,0.5929576939142056,0.5576449651137612,1.0338343960894163,0.5489114418012385,0.6997002525701986
CUST_014,Restaurant,969.3758042737618,low,0.5566684055735251,0.4545456473042764,0.8188465501698938,0.15482456517532958,0.813723020851545
CUST_015,Kiosk,282.5246502460901,high,0.24446939430637,0.628971571903922,1.1984485520960386,0.36455717254956854,0.985539188806809
CUST_016,Bar,1462.6274824554164,high,0.7045052735521362,0.8090262214159449,1.0147881321635182,0.2334125949762714,0.820480899289904
CUST_017,Bar,1192.3013277993457,medium,0.5043356754683734,0.6722342237975238,1.181526371008432,0.537926470189097,0.6316945253755454
CUST_018,Restaurant,2751.397866076219,high,0.8388394875413743,0.9223111419020601,0.9193779165794531,0.4194747474330026,0.8044851057190862
CUST_019,Restaurant,1773.5807395830311,medium,0.7337575600526058,0.7236274180717754,1.1114505914522232,0.3651768360975888,0.5002859480639718
CUST_020,Supermarket,2305.2355583976505,medium,0.21363371967008263,0.9574591697587702,1.1514887511292737,0.5158327646805897,0.6537570627013307
CUST_021,Bar,2679.3892613529324,low,0.8146067194428284,0.9681696671787965,0.8342613808271515,0.3429952316583069,0.5346062592341918
CUST_022,Restaurant,2319.3789596107713,low,0.6618255759231572,0.9681092078229945,0.8660507835896512,0.363836893709127,0.8032969587413145
CUST_023,Restaurant,2554.022563750339,high,0.7286856376450639,0.8139205792597728,1.0851795891276488,0.29949614999871454,0.8358434798191415
CUST_024,Supermarket,2290.3021765438516,medium,0.8297298592500617,0.6708916848346779,0.8991622454664032,0.13201294816317247,0.5105171300035294
CUST_025,Restaurant,2064.493820379854,high,0.3541521691160916,0.44259585160541953,1.0524411829080396,0.2144708919055772,0.952710006503064
CUST_026,Supermarket,4133.107107651839,low,0.5599092838660124,0.5670863583787282,0.9941657996601962,0.36961696569737734,0.8616762829404854
CUST_027,Kiosk,454.70192677330914,low,0.7492335970035273,0.884498198659986,0.8761639657447511,0.14846540711441167,0.7155255912031888
CUST_028,Kiosk,912.7094055037016,medium,0.5269172676256725,0.8374455096759104,1.0693458189173206,0.5920826056829831,0.5492089355759795
CUST_029,Kiosk,619.8083930243586,high,0.43751182377647424,0.9170035218116747,0.8994625335681142,0.19510445422040576,0.724306773916566
CUST_030,Kiosk,712.491875062017,low,0.39498160126685833,0.5498838687292603,1.169306239710405,0.32156537252672845,0.9306745523809152
CUST_031,Bar,1438.9760326623618,low,0.6565014257989654,0.724352762860183,0.8059031425982602,0.14663138809191797,0.8767827520098378
CUST_032,Restaurant,3981.82254760715,low,0.4844898405667304,0.6888150507826237,1.1458601576120861,0.5512214327552744,0.5823185607007635
CUST_033,Bar,1791.9016651572397,medium,0.3856421407205064,0.8704423611691416,0.9820033469356573,0.31150374299508143,0.9786588204298365
CUST_034,Kiosk,482.6867213132299,low,0.332928507087346,0.530620539048505,0.8233933168029198,0.4678685893945217,0.5304787857382579
CUST_035,Supermarket,4987.053894523827,low,0.2350996360847675,0.686073110265361,1.16775485233283,0.3655630676352707,0.5284397898643423
CUST_036,Bar,1067.4938100173867,low,0.24796493289265464,0.44077651802545437,1.1447276807880518,0.3018877756591387,0.9707980636145447
CUST_037,Restaurant,2667.090876003804,high,0.6161634074734088,0.7716289061992618,0.967689966134349,0.39183614464561234,0.7613913577659794
CUST_038,Supermarket,1648.3958513442694,low,0.6688081823388804,0.5885103176773456,0.9062458050125416,0.16543914106372823,0.8227503944188248
CUST_039,Kiosk,401.54418533047084,medium,0.85031283219386,0.961440572466894,0.8037261827536986,0.41057962774654644,0.781496822819473
CUST_040,Bar,1918.116741521474,low,0.5763440828711391,0.7035308164292593,0.852982628146587,0.2745044174822575,0.5343956570300097
CUST_041,Restaurant,3090.7732639963283,medium,0.3994911738516597,0.662910743804626,1.0172871849046348,0.25125857148944497,0.9919266551257411
CUST_042,Bar,1902.8209687139822,high,0.7719728945808231,0.5796272513199867,1.065355485986431,0.569465001963552,0.5671455571966839
CUST_043,Bar,1730.6110305670556,low,0.7196916787866992,0.4932687458649943,0.9127025085831577,0.20531482740347154,0.6714401438966293
CUST_044,Supermarket,3638.675565292853,high,0.5419722965045636,0.943201894647594,1.138441485317942,0.14614923385636672,0.7117878862818632
CUST_045,Supermarket,2225.773611559087,low,0.20248198236144763,0.8626715338117763,1.0548453509205518,0.2309776312171741,0.8706154541739655
CUST_046,Kiosk,584.0467374815873,high,0.20676878972583798,0.44514631604426025,1.153242557320057,0.5519642857799466,0.7727951446027612
CUST_047,Supermarket,3447.233474848255,high,0.5867675677214983,0.6578720277284631,0.8167315432675432,0.282325757663628,0.9665440052603271
CUST_048,Bar,2434.2733357313496,medium,0.34705357683782784,0.5497178435337546,0.8411174486687143,0.4900581209357213,0.9420673507255044
CUST_049,Kiosk,903.0854868705384,high,0.7246343278004774,0.955458293541734,0.8946949328917435,0.18125088355021932,0.8999435149534483
CUST_050,Restaurant,1089.5678757098128,medium,0.21735045332873212,0.8419386830530493,0.9328741871785715,0.5654079430241628,0.9011175694685695
CUST_051,Restaurant,2759.2671755158362,medium,0.31143849008651187,0.8207669128839477,0.9530166890387737,0.11936230383289323,0.7353450105429952
CUST_052,Restaurant,2191.934175666947,medium,0.44476089711214306,0.8923218285829372,1.1485292143452033,0.2114617736029045,0.8300165913743145
CUST_053,Kiosk,596.9233999082123,medium,0.39502214271610275,0.441652452797692,1.1093306549761444,0.2755730645413761,0.7547028377640187
CUST_054,Supermarket,4734.011546609041,low,0.28073922629599934,0.9822403666133368,0.8714271264689855,0.5812671578807778,0.6327331812614843
CUST_055,Bar,2418.5997134975705,high,0.504194630995251,0.8371270363916226,0.9254709256779965,0.40310442665307167,0.755711529834739
CUST_056,Kiosk,1079.3840357348595,high,0.33305514215160725,0.42663192022793867,0.974423006181989,0.35996017428329274,0.9032554348500519
CUST_057,Restaurant,1828.6259814218893,medium,0.5019081797374909,0.9693246915827886,1.168308342487216,0.41157770497320456,0.8316937381327721
CUST_058,Bar,1614.4725744892712,high,0.830032784567964,0.7042735024211615,1.066757161642292,0.2630914524286999,0.8486042070971995
CUST_059,Restaurant,2765.0107451228514,low,0.4943124336410358,0.9642182024381099,1.0709271781090932,0.5514027728662914,0.8077574579756903
CUST_060,Supermarket,5170.654152546831,medium,0.5835560491949887,0.40024356381837256,0.9147654867475709,0.3149440749949173,0.789992390597841
CUST_061,Supermarket,3424.990914585652,medium,0.509250211786567,0.8053763399140599,1.0044695987498349,0.49686769955300103,0.9799160018415181
CUST_062,Restaurant,2351.4728186689463,high,0.25935687570758525,0.70927120594913,1.0531763423063183,0.26759412770490043,0.9092117322683322
CUST_063,Restaurant,1614.9320207951773,high,0.41729362500644074,0.8839377367457595,0.8589415848983091,0.12310685904637922,0.9919680113909257
CUST_064,Bar,1082.2760255515975,medium,0.49010870769840353,0.7778592284426282,0.8777740946958837,0.44817712524525244,0.7471885845052184
CUST_065,Restaurant,3150.0206579153582,low,0.6592406077782489,0.4033268908828191,1.100385790647389,0.4850230942870125,0.5532936482817694
CUST_066,Kiosk,1206.8720085712469,low,0.32312067719457216,0.9747796253677239,1.0071831001774962,0.12510919257032047,0.6245991398299858
CUST_067,Bar,1756.7939270517998,medium,0.2933373738899202,0.678785942498942,1.0124527543422355,0.37946264518593364,0.6586489787326738
CUST_068,Kiosk,1101.0598693676072,high,0.7705045551321787,0.9352121778046109,0.9706963027434622,0.5534273652280567,0.7229568060383502
CUST_069,Restaurant,2789.308820038107,high,0.8030464368482835,0.6700418543481449,1.1007107146002046,0.5199314439209604,0.6386556765653703
CUST_070,Kiosk,606.4640736184627,high,0.367472104670243,0.6639235559589416,1.0854179450444226,0.21724678900731767,0.6679237683106569
CUST_071,Bar,2016.8373633050483,low,0.30558146060916064,0.6298211754588029,0.8611221066308592,0.20697643855299372,0.7074339479491091
CUST_072,Supermarket,5845.643879759164,high,0.5261470123458054,0.43735942635015124,1.1331564677361952,0.2947384063334706,0.8848978861573316
CUST_073,Bar,1778.504376534029,high,0.46626672024939814,0.4035376501503959,0.9407035210687299,0.4767375625296929,0.9267239752845523
CUST_074,Kiosk,1269.3930967442018,high,0.7232609682846356,0.7276793858403034,1.0413010355764964,0.21026934716190945,0.6097108173107181
CUST_075,Kiosk,100.0,medium,0.22031737396270068,0.6016777262190295,1.07165675401134,0.3021583345688186,0.5825223656017544
CUST_076,Kiosk,1046.5707513125672,low,0.8865053842632462,0.7204741777195026,1.1627715450347074,0.3959463878139554,0.8314998784180807
CUST_077,Bar,1852.2282409429026,high,0.5000289387627663,0.920110813357078,0.8726916106053729,0.23007815695965236,0.6636763334708671
CUST_078,Kiosk,710.2977948602397,medium,0.43625038365170943,0.9277839916011372,0.9113026462555224,0.5756020599302809,0.7107824133793694
CUST_079,Bar,1855.0564659213014,medium,0.2135683009350075,0.7236514287535203,1.1999631314036836,0.27498017186009194,0.8250720466249375
CUST_080,Bar,607.4586512394644,low,0.8647282129011922,0.5196164094175197,0.8081520069281329,0.1761911728923952,0.5631104874371031
CUST_081,Bar,1668.1968672974929,high,0.8634299155516563,0.6790203900611325,0.9024974786248746,0.28444758716147067,0.8029463462801556
CUST_082,Bar,2014.2675429070478,low,0.8753045411238614,0.46485924979456394,0.8102713701989864,0.25597862219734757,0.8386736434252045
CUST_083,Kiosk,1243.3682134224548,medium,0.8590294189789167,0.5189978662550292,1.036839144499941,0.5152858168901592,0.6214246902685661
CUST_084,Supermarket,3378.075738071623,high,0.6202881303717909,0.4726330390403891,1.1935377406058685,0.4913176731805098,0.6736018826542245
CUST_085,Kiosk,557.4519191320437,high,0.45939961335263935,0.7035764738062468,0.9364924699445133,0.5247878134997886,0.9111654590450291
CUST_086,Bar,1498.945773849278,medium,0.872551297050205,0.7813510636608676,1.1314829244009832,0.45365432185303844,0.7177435725038386
CUST_087,Supermarket,5098.482541242489,high,0.765739453164729,0.7229037438689534,0.9933990015532784,0.3177872465019471,0.8655131071525611
CUST_088,Supermarket,4394.501331591621,medium,0.7961992120135322,0.8984386113343621,0.8346651592222698,0.540815592001386,0.621931719595478
CUST_089,Kiosk,641.0719388698883,high,0.6272321929613645,0.6273935824769584,0.8114799991080359,0.5254764181562296,0.5909199285788459
CUST_090,Restaurant,2910.613946490685,medium,0.7584826497796675,0.6042033058985702,1.15212799190329,0.4505918751661008,0.6381342878780925
CUST_091,Bar,1858.2465296088242,high,0.8636438044439219,0.4513677771748128,1.0880298656416776,0.34428892342439366,0.8790823267412332
CUST_092,Kiosk,1090.5934971598667,high,0.6982896845309059,0.6689047297519425,0.8068973037393491,0.24711779066024867,0.702200564338964
CUST_093,Restaurant,1938.357524898118,medium,0.6647720151177712,0.6214122703966222,1.0213891820041,0.2718786970731013,0.998315731979666
CUST_094,Supermarket,3606.805424082678,medium,0.6919984595300382,0.5625498561857178,0.9005614704803766,0.16032794237615292,0.5962921467257587
CUST_095,Bar,1564.7351081207055,high,0.5751047757686248,0.8573137656904618,0.8740599369750648,0.20819231993930284,0.7420992936063544
CUST_096,Supermarket,2243.7820622414574,low,0.7828398543289474,0.5777478779590867,0.9443524276597546,0.25113379439021777,0.8540092428555157
CUST_097,Restaurant,2736.8962216516607,medium,0.23186099068825283,0.4327156121433927,0.9168546578211111,0.5720448073978703,0.8189348275529638
CUST_098,Kiosk,878.3165816539668,low,0.8109038144989742,0.7444385317757993,0.9877587779722041,0.3202343990680051,0.5921818351950409
CUST_099,Bar,1803.0680739854765,medium,0.8587445177376722,0.6866375123594126,1.128846258119772,0.3003537211259699,0.5370410851278199
CUST_100,Bar,1659.247719974912,low,0.3044383091315586,0.7377037582507385,0.9215342047368911,0.5969590613551101,0.5592257811057308
CUST_101,Kiosk,375.3887773848757,high,0.6172887917870177,0.771051011498364,1.110277415879287,0.2901890130732747,0.954252188811902
CUST_102,Supermarket,3495.225612681569,high,0.8930218823267586,0.5832281465916163,1.0484109284288594,0.4048154561225652,0.8700446527422725
CUST_103,Restaurant,2225.8283867785844,high,0.3477176367137751,0.7962568823152221,0.8628228373523509,0.18690677416321724,0.537532434450584
CUST_104,Bar,1318.6336384670287,medium,0.5153525932323917,0.756286717071738,0.9165037156124111,0.21573811727801293,0.8534779149395166
CUST_105,Kiosk,751.6142865001973,low,0.6811694440498699,0.9543466266895292,1.1151312106586926,0.412529003582111,0.8305915214266839
CUST_106,Restaurant,2823.2406854516307,medium,0.280343411722732,0.5348856701596143,0.8595957604301318,0.2328162358203201,0.5711181427218386
CUST_107,Bar,2931.711540726318,low,0.7548399963626882,0.7570264223916428,1.1296961205280036,0.560596264483819,0.7195767243368687
CUST_108,Kiosk,852.3733438495517,high,0.4128638333813367,0.6415051114976834,0.9088984772577052,0.369990781299007,0.7188794317857989
CUST_109,Bar,1954.5302344336587,medium,0.7141737462999307,0.7622281845675464,0.8103459569553342,0.2144622078609135,0.8371491835860856
CUST_110,Bar,1755.3324505402998,high,0.7749948716808686,0.7457481907616481,1.1052436016686822,0.18759536396898632,0.7594819204938019
CUST_111,Kiosk,224.36863541028754,medium,0.32704240305618815,0.7511977751667127,1.0539138877816348,0.34586290109550666,0.5456212031469136
CUST_112,Supermarket,3968.1833494609396,medium,0.4333158755655644,0.8020801057127113,1.143093237760141,0.2649018317894827,0.8468368369917163
CUST_113,Supermarket,4072.276251929232,high,0.8616354776942474,0.8881396208427836,1.0200386435887132,0.3274129543008647,0.657258578585084
CUST_114,Supermarket,6955.8905349823435,low,0.8791293087660039,0.6425050342004474,1.005838500931642,0.594059607390877,0.8288301932415645
CUST_115,Kiosk,742.2917105656633,medium,0.23794285976371005,0.7110636354764373,1.0490535490406845,0.34924655119109427,0.7210204778611307
CUST_116,Bar,1980.9284054001675,low,0.38693936679105273,0.47860793737026797,0.9152116579953316,0.5404233086789028,0.742355898474999
CUST_117,Bar,1779.172938176854,high,0.6262101669573754,0.5435784773965903,0.863351265522093,0.375419503501335,0.7761257045268666
CUST_118,Bar,1098.7931774282806,low,0.8945799975766537,0.9477579270905008,0.9845791576715134,0.15873307454477878,0.9160715868844507
CUST_119,Kiosk,1142.8468443545062,high,0.4043030921832502,0.8232469779555123,0.9661961371741412,0.3412497884789282,0.7361098909517039
CUST_120,Kiosk,1025.5799098060322,high,0.3012493779399261,0.514366222568757,1.03975103946996,0.4731462727461988,0.5682541722954323
CUST_121,Bar,2274.619168225828,medium,0.7408725928739035,0.9126474279833245,0.9359500972457182,0.49385870288214706,0.6335863315334525
CUST_122,Bar,1254.3675271231566,medium,0.7082356878294727,0.9024855535638528,1.0319693535533616,0.42997037652745973,0.9326302973501213
CUST_123,Kiosk,1220.8382932808297,high,0.5390389698862043,0.5994639734264496,1.1051490710479916,0.288605027106943,0.9664261278576305
CUST_124,Restaurant,1378.5191497661754,high,0.36716388091637453,0.6297825093577614,1.1424051903949513,0.30538754777478905,0.6590881636168999
CUST_125,Kiosk,976.0571281400811,high,0.8394011174737381,0.6287386881682817,1.195365600775745,0.4961968303499652,0.826009500700303
CUST_126,Restaurant,4252.364500647983,medium,0.8753771068596372,0.4757477618856332,1.1861414360707414,0.26599735196568186,0.5501823010824262
CUST_127,Kiosk,502.83910246079347,low,0.568165760765293,0.6741568446845454,1.088977531028257,0.3049893098731822,0.8273906632138669
CUST_128,Restaurant,2046.9618163177824,low,0.5286434206893124,0.9815221783445304,0.9354244936205727,0.446352299293441,0.8249183262896362
CUST_129,Supermarket,4119.581638105169,high,0.8015395289177867,0.628005638513593,0.9266644615733599,0.4593587126114915,0.8797009046671818
CUST_130,Bar,1497.9146075302806,high,0.24789452302708603,0.7786966101127843,1.1683716395121186,0.5987129614781077,0.8733831833689635
CUST_131,Kiosk,334.8009706801602,low,0.7322587850959856,0.8223344975974227,0.840202896129127,0.1831823933646126,0.6497330401220324
CUST_132,Bar,1841.1377848836164,low,0.42706226674691156,0.4336715368630042,0.9433853369201454,0.31534339392770006,0.6220987160919842
CUST_133,Kiosk,481.3088858821685,high,0.6772602599469097,0.5080341316907867,0.8700277420251619,0.40474589344426837,0.691272149308437
CUST_134,Restaurant,2878.873944508145,medium,0.8389803112164884,0.4858706320771058,0.984459965341999,0.22698866970677115,0.6276633540795771
CUST_135,Bar,1248.345459459718,medium,0.830846596519218,0.8065665314194477,0.8631902488287149,0.32086489180190725,0.6727828122215409
CUST_136,Supermarket,5859.921286021047,high,0.8734203509764094,0.8141881074760775,0.9827343250671146,0.2510608352691568,0.9996867827500896
CUST_137,Kiosk,565.0240122991289,low,0.3660439913493022,0.7431536154104433,1.029924772071458,0.5963460218134488,0.6476153769416346
CUST_138,Kiosk,703.3815451382973,medium,0.20566857603304317,0.9190404386183596,1.111324646308031,0.5868014084139624,0.9553084768593553
CUST_139,Kiosk,1044.055165210901,medium,0.7430186857223666,0.5380710345822498,1.120772783018115,0.20950226946405273,0.5950659946385441
CUST_140,Supermarket,2522.9628202792537,high,0.728904126619174,0.8604824646972784,1.072342037672809,0.16838961924704945,0.548581964907809
CUST_141,Bar,1936.4759607624776,medium,0.7520273388071077,0.4200187187473795,0.9459444932113878,0.16570590321024273,0.9548139061596634
CUST_142,Supermarket,5568.571305138914,high,0.4908521653931442,0.5204768767900457,1.114605124412202,0.5382302983533203,0.682928765307562
CUST_143,Supermarket,2071.020118526527,low,0.3798790591942836,0.8948138875254443,0.9927391319494965,0.5032442468968833,0.8732796753585226
CUST_144,Supermarket,4221.560630238765,low,0.5278319721968867,0.4451796165440545,1.1016605972245341,0.21280734784953517,0.8381618623592582
CUST_145,Kiosk,877.9648382745271,high,0.4560425345838965,0.8744091811533625,0.8055674620403606,0.3682861541345296,0.7273930138669373
CUST_146,Supermarket,4938.1874461327725,high,0.4667178494907327,0.7831295606805022,0.9485894564042869,0.43741827768766095,0.7357384339907194
CUST_147,Supermarket,2515.659146946302,high,0.354957040051793,0.4379302246961173,1.129542140556179,0.554693819213946,0.6510950872646251
CUST_148,Kiosk,403.8630160747171,low,0.29784390875505473,0.9677569197291678,0.921745833742402,0.34631230948910297,0.5485959993109109
CUST_149,Restaurant,2917.553252493518,medium,0.5175506298222248,0.8022917313101028,1.0972560486092686,0.572987042889716,0.7095633767073615
CUST_150,Restaurant,2737.5877385865488,medium,0.6584453282454248,0.9002158499777929,1.0462608856204625,0.5695265328568276,0.6398700700428943
CUST_151,Supermarket,4300.591420415052,low,0.5103681602424912,0.9703331019108562,1.1421800773223818,0.14967731230306516,0.8428401327406427
CUST_152,Supermarket,4415.73785139637,low,0.4786977499210611,0.5138851372966478,0.8488638876349055,0.5240165942318405,0.7273586842852586
CUST_153,Restaurant,1955.9802227372074,high,0.6476450429707926,0.9826559872389917,0.8202314042651493,0.26675457821625803,0.9944104519707109
CUST_154,Restaurant,2685.802957728803,low,0.7808724860519927,0.7325246730766775,1.0345532334326248,0.5065264905605295,0.6164993395230157
CUST_155,Restaurant,2734.457978638945,high,0.20198488603601145,0.9150436758281058,0.8578751921282033,0.1649960657217184,0.625327098364062
CUST_156,Restaurant,1928.5188655789057,low,0.6627403498181217,0.415468089871719,0.8059441308922836,0.4949923321173769,0.6189658030452315
CUST_157,Supermarket,6238.929413373708,low,0.32197234098432403,0.43143941071670594,1.0966872227816598,0.3630427632989336,0.8728326375169979
CUST_158,Kiosk,942.1498762735363,medium,0.7446119275199419,0.707942774565515,0.8436216040015383,0.35191934489291066,0.9727078214850531
CUST_159,Bar,1085.2179016784107,high,0.7482588971862656,0.9201885446559029,1.0085804858852336,0.329021261048841,0.9820130915610144
CUST_160,Bar,2193.932165180298,medium,0.7931089802170699,0.655764171567995,0.843184731871691,0.4562006574485482,0.7217811646815043
CUST_161,Bar,1215.1909978636072,medium,0.6258081965434079,0.4394093399920684,0.9100063998231813,0.41653836215050777,0.7741782170241802
CUST_162,Supermarket,4944.501524490943,medium,0.8962394291026465,0.7183341024587948,0.9814861670301886,0.4027133957676564,0.5495892308395209
CUST_163,Bar,2495.1573474044426,high,0.6556416654169137,0.8613776380628432,1.0883359666630397,0.20751153316374846,0.7257774579826408
CUST_164,Restaurant,1843.4541453186316,medium,0.43725213318462264,0.6720993417444684,0.9663958601045981,0.14754291963781543,0.713382003130479
CUST_165,Supermarket,5156.051355093186,medium,0.8675147623333874,0.812092621280186,0.989707154235641,0.14561239418302432,0.5426821786658097
CUST_166,Kiosk,923.8342780809495,low,0.7212122784343153,0.6235881156255422,0.8520461814295374,0.12999048898542329,0.9783123119234532
CUST_167,Supermarket,4986.472191993388,high,0.2855618997481915,0.6121588477802606,1.0661362080011663,0.47514212512573917,0.9340460744345325
CUST_168,Bar,2938.0757895923684,medium,0.620287063857274,0.6109877114158894,1.031167407355942,0.20636940283600305,0.828368151494076
CUST_169,Restaurant,2303.6895071977037,low,0.4450797959548338,0.7337592856625961,0.8459541254121233,0.2392841062474996,0.6130795471639237
CUST_170,Kiosk,573.8791506927531,high,0.8821826214879958,0.8910561157244018,1.045429312214186,0.42134958191491567,0.5131269157267917
CUST_171,Supermarket,2932.582684449372,low,0.3262912503725981,0.8216192637193629,0.923593875531964,0.2699123283886292,0.5030528947018293
CUST_172,Restaurant,1847.3517720276495,high,0.6601412443857568,0.4417512527490019,1.096387623647368,0.5859051593790096,0.5458788415272227
CUST_173,Restaurant,2438.3186324687167,medium,0.4938827456351522,0.6045375890615997,0.9480212369908015,0.46079798387133664,0.8884178099833705
CUST_174,Bar,2004.6911848899863,low,0.30890593238314185,0.8526615274749912,0.8199049969731829,0.1407907637659566,0.721556487165163
CUST_175,Kiosk,883.0072397990057,medium,0.6249532052087108,0.6485102427296348,0.8862275861350988,0.3561731529005524,0.672586427740431
CUST_176,Bar,2296.3099494216144,medium,0.674752525053474,0.7558805502353583,1.010773642859258,0.25420969592562825,0.6102592177512622
CUST_177,Bar,1807.8011351267442,low,0.34309618704761224,0.9671944523359863,1.1069398109234416,0.4820804478806239,0.6447235656087188
CUST_178,Bar,2672.12044629439,low,0.5481697300293288,0.6583930068121617,0.851674280703686,0.3662911739337119,0.6150553580383298
CUST_179,Supermarket,3682.4118001144525,low,0.4779498219731081,0.8452247964246672,0.9744878382049249,0.3298771251781375,0.5389313059378789
CUST_180,Supermarket,7264.202999907542,high,0.5004990004105849,0.6426537307031406,1.0560566676190315,0.2447576027928791,0.7025161535324773
CUST_181,Supermarket,4750.800817318008,low,0.7609255080173165,0.7708751579825441,1.132810365228683,0.5598848758706924,0.5440649406489424
CUST_182,Bar,1285.7054661502304,low,0.50497356885828,0.6402698897896523,0.831458834993144,0.5352622080977059,0.8729024132323014
CUST_183,Restaurant,1643.28600155111,medium,0.7453825080222851,0.4458276264838127,1.0532898667872745,0.36530241038632416,0.5969518531334501
CUST_184,Supermarket,4578.966898291822,medium,0.709165373971733,0.8913691609149111,1.1260148023000056,0.21813442447336215,0.5732221091388472
CUST_185,Restaurant,2321.2297717393194,low,0.621679289691216,0.8561291773281352,1.0622036042074956,0.18857306447361458,0.8864240446237801
CUST_186,Kiosk,1014.2001482276276,medium,0.72811207767289,0.8559262897646491,0.9795621027980252,0.5620771291928297,0.7822458917013997
CUST_187,Supermarket,4567.885149488254,high,0.42129722614340614,0.6638576898051184,0.9875684334105493,0.4156925600127147,0.898164839575714
CUST_188,Bar,1756.3026524058764,medium,0.5551358197028446,0.5862447103637866,0.9807655454802728,0.1284450254169762,0.9158483158315607
CUST_189,Bar,1291.923769158957,high,0.8049750237476674,0.9131760228736542,1.0460033553662293,0.35353390866697754,0.7313558294636362
CUST_190,Bar,891.0916651884812,medium,0.8363349696015652,0.7429940118722802,0.8752957860276901,0.40250291703503216,0.7506836509364139
CUST_191,Bar,1532.0910287597874,medium,0.27245131408927414,0.9394761003734641,0.9373751103353071,0.4571577745837313,0.7522745007504787
CUST_192,Restaurant,3185.119035458778,low,0.37342060651879894,0.6626549645855397,0.9757687167050497,0.36137401763277277,0.5793731039907707
CUST_193,Supermarket,4256.912492956245,medium,0.47119159166618113,0.8646788731442413,1.0715590882238324,0.12618275876800314,0.8154432872209898
CUST_194,Supermarket,2505.1134655456144,low,0.4307835285824102,0.7347779274510413,0.9546256818894951,0.22599789248307664,0.9257831299922021
CUST_195,Restaurant,2638.544740680946,medium,0.2570513912135188,0.7981672636036352,1.166698582022848,0.2551158687759061,0.8280273590180276
CUST_196,Kiosk,915.5952139186511,low,0.6165288597061023,0.9628013197394565,0.9238327549663844,0.2883396530281501,0.8958309789317718
CUST_197,Restaurant,1792.9140510390935,high,0.6919816105087941,0.9682651746516286,1.198865645186348,0.5562239927291622,0.5467264825330109
CUST_198,Kiosk,846.1175317836584,high,0.4532796674427492,0.6175586013892267,0.8721051691507379,0.20709633060445018,0.9738341337671734
CUST_199,Kiosk,817.4626155338,low,0.35858013257372107,0.4825392119062476,0.8308660337203506,0.5222141943429417,0.5505703818339471
CUST_200,Bar,1114.2178213016261,high,0.4357350603749971,0.8597845626683449,0.8524196165718032,0.28835993541126237,0.5811236060442253
CUST_201,Restaurant,2786.2298882786267,high,0.5063713835968426,0.6465151668979201,1.070545168875413,0.21876510072346253,0.7220993549026378
CUST_202,Supermarket,4672.9414316418815,high,0.7486602516043899,0.5404017666012547,0.8956673988982078,0.5827983185970183,0.8921851197966024
CUST_203,Restaurant,3366.4409945402217,medium,0.6748147775455646,0.7422516360183349,0.9762389614036082,0.48471927598778797,0.8890620186249629
CUST_204,Kiosk,1116.1406156104708,low,0.7718238677068681,0.8807555344909286,0.8553594138413725,0.22500160579450354,0.8205895181022236
CUST_205,Supermarket,2346.796758451491,high,0.8540054877982497,0.8268405862714004,1.006363755020994,0.1623388859818243,0.5419375626858951
CUST_206,Restaurant,1749.7399680679018,medium,0.514523454261678,0.7080116427571266,1.1324186874552744,0.1458567848295467,0.9552524768637046
CUST_207,Kiosk,954.510580162598,medium,0.8513303489883923,0.6489381434914032,0.9585815861880991,0.28698074383951,0.6930830590222975
CUST_208,Bar,2108.271570547325,medium,0.35717713102498116,0.5912109252698388,0.8396332497572192,0.45735213626161475,0.6676451779580885
CUST_209,Restaurant,2912.0381490448385,low,0.2268122337819306,0.9504377029676508,0.9889819732191324,0.5155552429660882,0.8794205773828037
CUST_210,Kiosk,1955.8194471964164,medium,0.6307437800144838,0.9435144934619625,0.8076015539643882,0.20782737223417722,0.5747598094821134
CUST_211,Kiosk,971.2671532079501,low,0.7433208428447775,0.5425841359845602,0.848739338063447,0.21921975172991134,0.8194758660864052
CUST_212,Kiosk,1140.6696920541797,low,0.2776005267030105,0.9430881313971992,1.0386956171275787,0.10821767610294722,0.757687865104703
CUST_213,Restaurant,3263.201410794562,high,0.30050378817238205,0.6575433358620002,1.0459238331103802,0.22028211940327178,0.70828379760427
CUST_214,Bar,2190.8347507834787,high,0.8822581436665551,0.44060759374530767,1.0104237781288683,0.3536638482898933,0.9941657427982338
CUST_215,Bar,1610.8384532157927,medium,0.8113320069692622,0.426120655100066,0.9547525286109431,0.28665119355041624,0.8736582957813226
CUST_216,Supermarket,4910.763064591921,low,0.4413617452143739,0.8397646128703851,1.0513027849902625,0.4857506870549295,0.8675934924061557
CUST_217,Supermarket,3072.6097425549137,low,0.23103498180664572,0.7276082471246149,1.1254035462224352,0.18754456352585422,0.8895712967391407
CUST_218,Kiosk,728.9544179779973,high,0.5349718201325468,0.5093667990483239,0.8539410324785129,0.45802252879809735,0.9718025753560646
CUST_219,Bar,1508.7818713025379,medium,0.34111369498569066,0.8746655279374264,1.154316154247242,0.25779791002486263,0.655037941468446
CUST_220,Kiosk,824.5622418158968,high,0.5313798373737904,0.421972462922145,1.0587601995203002,0.24305544777577434,0.9310692652346252
CUST_221,Bar,3188.795140004105,high,0.43234728046694115,0.4746850049466301,0.9472076697258692,0.5447432585061407,0.8716538527598106
CUST_222,Kiosk,239.82044222247555,medium,0.8816065090207164,0.6977219359222135,0.999009356997451,0.5621552333134818,0.759637926767471
CUST_223,Bar,2211.756114224708,high,0.4971497629228897,0.6583642912020682,1.1980392659376302,0.19022824296904503,0.6468832095012494
CUST_224,Bar,832.370477286209,low,0.42954393373909183,0.5773839696042053,0.978366305239861,0.4588314556558284,0.5833223860329568
CUST_225,Kiosk,658.4204402631699,medium,0.51299076176918,0.8360886374266617,1.1646428923385121,0.4074257410993821,0.7174702520465678
CUST_226,Bar,2453.3703581804198,low,0.6698287222255674,0.6437261389045915,1.0052344077858208,0.4749489921309449,0.5799933632939659
CUST_227,Bar,1838.5680114572776,low,0.7940685169793742,0.8068533231972692,0.9752691299760311,0.16311501215112714,0.6179976902101761
CUST_228,Supermarket,2706.7062664848327,medium,0.46799808118214437,0.7403467850344717,1.0420379315419142,0.43953102845669745,0.9744117646327782
CUST_229,Supermarket,3141.635548888038,medium,0.7341591302590056,0.7443530670003374,1.0117839526145158,0.299017022976225,0.8247803683530157
CUST_230,Restaurant,3043.6781991477405,low,0.21813933860490026,0.5116288296835599,1.007098109683357,0.5567712529065934,0.5588804977453377
CUST_231,Supermarket,3123.560041939436,high,0.5123911786839312,0.9978190672928564,0.9142307510792632,0.5582394547709407,0.745600097627112
CUST_232,Bar,1929.8751537491848,low,0.7969784032690259,0.6712256111472384,1.1594716123144921,0.32255559637122755,0.5438953705523655
CUST_233,Supermarket,4054.6862078845766,high,0.4431977063169952,0.43896344698964274,1.016868544490225,0.5456658411769445,0.9256810253765629
CUST_234,Restaurant,1978.7197219153463,medium,0.5561290216220105,0.47281747304707417,0.8803921484710744,0.16943843601918288,0.8951865304038746
CUST_235,Bar,3086.3664535951957,medium,0.5878150060817166,0.6213466993007324,1.1214646905154346,0.3758234669632138,0.8059741813102604
CUST_236,Bar,2180.3514133908066,low,0.4165035022699235,0.9997570263606321,1.0875478639562877,0.3628478274151501,0.884582275187349
CUST_237,Bar,584.9144480054358,low,0.880665812059636,0.7854031536318289,0.9799897982651984,0.44005449532479046,0.6722573903513498
CUST_238,Restaurant,2649.163451815542,low,0.5028328005373823,0.9464273625681324,0.8221651400071108,0.1620805603195061,0.5765077334051003
CUST_239,Restaurant,1970.5708281852897,low,0.42586252580818895,0.8255992795175475,0.9384092329367493,0.5704520274657674,0.9474629584105623
CUST_240,Bar,2311.4600008777343,medium,0.3374113436381515,0.9738109762259188,0.9097804132854054,0.41251118072429527,0.807214139154099
CUST_241,Bar,1324.4875569403796,high,0.6486911991092944,0.7550850671899632,1.0322586004561014,0.18560031152789616,0.8122395937168329
CUST_242,Supermarket,3862.3162702397212,high,0.22883601246524887,0.9182687149720199,0.832489141957348,0.5742734269851958,0.8855111843972326
CUST_243,Supermarket,4605.984734776548,high,0.34756586579137516,0.7432823214676385,1.047243370529983,0.11514294929071536,0.9444984407244772
CUST_244,Supermarket,5038.906233004146,high,0.8696551189680835,0.6897668909052517,1.1218752616862933,0.4424954205978383,0.6487169357148712
CUST_245,Bar,1079.8221557665343,high,0.2419391230542683,0.6637632999522466,0.9937004520429437,0.20201150678169935,0.8033301314103182
CUST_246,Supermarket,3598.5985169908618,high,0.42352147485270963,0.9928140216802539,0.9381482242803995,0.29935830358701254,0.8803324973975875
CUST_247,Bar,1515.0328133034263,medium,0.36921650265552697,0.47351314545037604,0.9798384047982659,0.17043881750409176,0.5253026459001451
CUST_248,Kiosk,604.0012302278865,high,0.49269432033441357,0.977611511343602,1.1609243308296788,0.5067389232197248,0.9668757676247024
CUST_249,Supermarket,6118.545088337316,low,0.73418496259704,0.6989593252359453,1.0058899356925939,0.3493798541988271,0.6542702410272146
CUST_250,Bar,2042.9890265765732,low,0.861662962848466,0.7032666778142629,1.1866746522209901,0.20757221126312056,0.6764475444281777
CUST_251,Bar,1043.469627398973,medium,0.5464259424676234,0.9294036858209207,1.0617040147558467,0.3352934266840979,0.7683453746444635
CUST_252,Bar,2350.717168232866,medium,0.29375446079462025,0.558683739874548,0.9463110559101604,0.3016270360571792,0.5226211972556323
CUST_253,Bar,3073.2937182075802,high,0.5932718056161606,0.6175142655665707,0.9154406788156383,0.2931744124898893,0.7251771903202091
CUST_254,Supermarket,5238.958312661376,high,0.6762790480832025,0.47128661183415377,1.1900331261655137,0.29695185636430355,0.897448614190473
CUST_255,Supermarket,2176.756040855184,high,0.8572639968687628,0.8529791033756764,0.87962315262098,0.3545612581125911,0.7500389517853219
CUST_256,Bar,1509.4595562802492,low,0.2959254614972643,0.5998244232116603,0.989497660158076,0.32849427964143696,0.803130261201902
CUST_257,Restaurant,3513.528919349298,medium,0.8519581148709929,0.5911180190555843,0.9571818351465933,0.408250243735758,0.9213009636820642
CUST_258,Supermarket,3150.7966412574633,high,0.7798025701701632,0.7194038979255258,1.0834959225741752,0.24989528236870687,0.9078744166219122
CUST_259,Supermarket,4532.583313775474,medium,0.6716644747311116,0.9879388187074971,1.0334808567395146,0.4983774069650736,0.8626621062759277
CUST_260,Bar,2264.780432057602,high,0.5322131498595424,0.9802424177032305,1.1131615965725685,0.4880810125860361,0.7888171979320915
CUST_261,Bar,1243.8417170531502,high,0.5363141486000897,0.7145393995748098,1.0884731340996496,0.48730306491690545,0.6900951681575764
CUST_262,Restaurant,2452.37971515056,low,0.6007991899828882,0.8203125466848709,0.8763137311307709,0.32051928309236644,0.7093901490845951
CUST_263,Kiosk,100.0,high,0.3427241778914942,0.7010917027665926,1.044591223956707,0.3358027319342557,0.9241884974235195
CUST_264,Bar,1185.367415199426,high,0.2966577400496472,0.5244050229827468,0.9300198137704219,0.43111339985717456,0.7627385757000177
CUST_265,Supermarket,3696.918218328208,low,0.5217644724137105,0.7198762387439326,1.018509287697932,0.43793428827818404,0.9338272017274967
CUST_266,Supermarket,2502.6601816421808,high,0.5389260711862512,0.9744024377160629,0.9116025583687027,0.24924958059514699,0.9707427731637307
CUST_267,Supermarket,5958.893564717962,medium,0.6934306557856087,0.8141439469381642,0.9956012318046115,0.33990171160103066,0.7802437951181098
CUST_268,Supermarket,2283.830346447241,medium,0.28531187401290053,0.8059733474695274,0.951877674149753,0.5900802686606811,0.9091887300652812
CUST_269,Restaurant,2147.964410642413,medium,0.22944654078290788,0.9731882306075451,0.8316117744039402,0.5620048159449402,0.8279860252754538
CUST_270,Kiosk,839.2221731858274,low,0.34144760504041755,0.7231467542251917,1.173209573513323,0.4480856503234113,0.5686364774004615
CUST_271,Restaurant,3653.018631252892,low,0.23553580097022483,0.9431105145709581,0.8902686585126656,0.21641827990297638,0.5500989795226654
CUST_272,Supermarket,2276.965418584673,high,0.5306827349244165,0.8087151919488582,0.8549868136798783,0.5822593836126945,0.9889553559165436
CUST_273,Restaurant,3430.5310017239676,medium,0.6570249583909098,0.9283884743380529,0.9902798577471033,0.4252693459371327,0.8779555297043697
CUST_274,Supermarket,4012.2796732235042,medium,0.39979073891139427,0.43549755174489446,1.1074899974151275,0.42614936520953983,0.6161100996105084
CUST_275,Bar,1211.0948093712295,low,0.49251948757150377,0.9025629334559532,1.17356904423128,0.11816992460627776,0.9181015990562534
CUST_276,Kiosk,938.6310422789812,low,0.8556261213444338,0.9772788280500054,1.1704158791585773,0.5383715839589617,0.5046335842400499
CUST_277,Bar,1919.435817344082,medium,0.3991931566450324,0.993459682053234,1.01732019342279,0.3469562101709096,0.9692802508704361
CUST_278,Kiosk,619.9349368523616,medium,0.33496797879166684,0.4675880566120927,0.8649977050158955,0.32945723551618056,0.6286324401147596
CUST_279,Restaurant,2555.841667992015,low,0.7156325268445798,0.8744605986551535,1.0271124889683758,0.4786413751287806,0.5877474569192324
CUST_280,Kiosk,684.4059209414719,medium,0.5606964612718571,0.45204266190901354,1.0677023413639817,0.19239060052367,0.5703059378171492
CUST_281,Supermarket,4136.220814301498,low,0.20478108437768883,0.6301446344056185,0.9786942087225814,0.23349716348214009,0.6648126516563663
CUST_282,Bar,2197.278404712628,medium,0.6575783569491391,0.8156611542536434,0.8248497327202144,0.1591124239019863,0.6534031710018099
CUST_283,Kiosk,1275.8050448436056,high,0.5517643298668727,0.9370710218897524,1.0814228140409023,0.2554889741923302,0.5587078729223882
CUST_284,Supermarket,2514.6214014077814,medium,0.6302378137006943,0.5314771605612063,0.8534275128787217,0.1765927823445896,0.8738674185754283
CUST_285,Supermarket,6559.6400495875205,medium,0.691358508798958,0.9476781329698626,1.1029402093217304,0.5009974958900155,0.9128017545432285
CUST_286,Restaurant,938.3297603819985,high,0.7283176848074058,0.92388103509264,0.83274812258931,0.32337398874824164,0.8518830625779363
CUST_287,Bar,1708.92894297865,high,0.2785461540760892,0.8972644323750552,1.1611552640959235,0.20107838948332393,0.7683300791302785
CUST_288,Restaurant,2970.653765187661,medium,0.7981402051764657,0.6651043315957785,1.0721180951756284,0.45845898309032496,0.7444139834155948
CUST_289,Kiosk,884.2975603205098,low,0.5174026101258473,0.7079487059209849,0.9827193902847504,0.1288683904662624,0.7311891528694618
CUST_290,Supermarket,3252.7605762152875,high,0.21523932052525951,0.5526743314405674,0.8012061886364356,0.20895065433647955,0.5365147629577287
CUST_291,Kiosk,737.5633248928175,medium,0.690269414668023,0.7246981024479433,0.824102252526828,0.5471092226692257,0.9930686240411384
CUST_292,Kiosk,652.0997196023502,low,0.40096349482392407,0.5079887960954251,0.8541715465957751,0.4207625000861782,0.8646447496335239
CUST_293,Kiosk,623.1905729167365,medium,0.8949996190066152,0.6294877713108232,1.1478481141242833,0.5533836557622863,0.6878227669009938
CUST_294,Restaurant,3179.68167761682,high,0.8022006067889849,0.4711799003711654,1.1971387104310347,0.29652931589202036,0.5636735436613043
CUST_295,Restaurant,2785.612388772038,low,0.7293255904012526,0.9870944096074834,0.985201560477912,0.459546987505426,0.7120640148667008
CUST_296,Kiosk,592.1271214218037,low,0.3732584269526429,0.6076958409925761,0.910259891118051,0.5687051805675334,0.8625119729544592
CUST_297,Bar,2339.7599252599503,low,0.766634728477436,0.6515443590950513,1.1064213870055613,0.5418783109226872,0.5078228981817747
CUST_298,Restaurant,2745.8396167012875,low,0.27062769916475493,0.4201457654525685,1.039113958692621,0.4516431334324643,0.5243381606218745
CUST_299,Bar,2287.717271303376,medium,0.5072739680412224,0.723855885344457,1.1017542834989138,0.4880318107323499,0.5700677875574522
CUST_300,Supermarket,4755.554610308334,low,0.7710503797343218,0.8389104898696109,0.9275614785476768,0.39895883713863123,0.8362659507184569
CUST_301,Supermarket,3005.205986893513,low,0.41123510460094226,0.48595626049799723,1.0640849695242973,0.21052137022301629,0.6502504768787098
CUST_302,Bar,1463.8913758818182,high,0.8639641785187049,0.9278283345783298,1.1646310662482178,0.412996568824165,0.7136002911472717
CUST_303,Kiosk,1024.1880815369786,low,0.8806031647405801,0.9649518458991471,1.068537009898289,0.492902297990259,0.6593672286581561
CUST_304,Kiosk,983.1110796300395,medium,0.3044523254776146,0.6258761131042793,1.1017664388952502,0.33675941020611,0.9246704661300202
CUST_305,Supermarket,3974.9180872430225,high,0.3010462244156249,0.6778150956991665,0.8230495737862169,0.3063387444905422,0.7082539333302034
CUST_306,Restaurant,2593.8619066470255,medium,0.37000096126271004,0.5220020398360327,1.0586823406191779,0.5611130522556111,0.9235666929598059
CUST_307,Bar,2566.598937473055,high,0.7072092986150413,0.514288971058443,0.9073846351419925,0.4368359603172892,0.801461022494538
CUST_308,Bar,1445.057166698502,low,0.7632554324953815,0.7525502132965858,1.0685802088941647,0.20850826084388122,0.6044445442761252
CUST_309,Supermarket,4656.516857404045,medium,0.8699138323686713,0.40920022373709575,1.1748639052808991,0.5810387780572295,0.5586580997216672
CUST_310,Kiosk,739.3422042698318,low,0.6869383999934873,0.8222611496054224,0.958652823910494,0.21966547948151563,0.6608075044137012
CUST_311,Supermarket,3738.7825561273357,medium,0.5263753225919238,0.7892328039970675,0.9233689137147714,0.27982230899042093,0.9414059761810202
CUST_312,Kiosk,1129.633055596157,low,0.7619716352740147,0.8334481439120639,1.1046515877238845,0.260116642394403,0.6015637456279431
CUST_313,Supermarket,4990.499618785636,medium,0.23200081358676633,0.9184509048816893,1.0965009514865955,0.10810995050063024,0.7766557817710871
CUST_314,Kiosk,1044.0528908001916,medium,0.30668798712890033,0.5979191715867159,0.9519359098964617,0.5166813576434925,0.7496507411846612
CUST_315,Supermarket,5566.574568585194,medium,0.7343524379664239,0.693172660320289,1.089423178558631,0.4697970453299417,0.7304144992241026
CUST_316,Supermarket,4025.204609959311,low,0.29797097000643213,0.7279277972354724,0.873619109144507,0.5446822648575039,0.9951617704399283
CUST_317,Bar,2209.1717827769785,high,0.2236766300152834,0.9080184299096334,1.1780752444803593,0.43410777169657644,0.8821694217860097
CUST_318,Kiosk,706.9199730219632,low,0.789781301777744,0.5388600352464673,1.082867825481384,0.10457073084533089,0.7528664598465326
CUST_319,Supermarket,4388.999622986131,low,0.6324846651137621,0.8000528377320038,1.0466077444337352,0.3416020768109126,0.7439271920015356
CUST_320,Bar,1721.9141673793893,high,0.5861504926378798,0.40711058087673546,1.0117670587366603,0.237370368598916,0.9887396741162559
CUST_321,Bar,1858.197578995631,high,0.7692100546397369,0.8044197712715262,1.1224670795789715,0.554886682999383,0.5535082143472465
CUST_322,Bar,2157.0942152621483,high,0.3042282400181754,0.5151592341949679,1.0105823941600864,0.5076071953566413,0.6336623683383179
CUST_323,Kiosk,554.5337950299582,low,0.46113610842457753,0.6436164459243316,1.0260008729791876,0.5951165158198637,0.612928626313711
CUST_324,Bar,3055.432365411276,high,0.8941722936984404,0.7899366710763537,0.8126738014623538,0.3026391490521432,0.6885847842421435
CUST_325,Kiosk,498.1947855500894,low,0.6457236528889471,0.8217070900114636,0.8330744490023207,0.5226648972701641,0.8224536209716511
CUST_326,Supermarket,2542.9736646547217,high,0.8841304563028529,0.9843038473815999,1.15791648485708,0.5595761077201059,0.6148832485505084
CUST_327,Kiosk,1147.4332620500204,medium,0.23259337951922032,0.4446088359553907,1.1702339240323694,0.5496558254325044,0.7817549320239918
CUST_328,Bar,2274.9976163777615,low,0.8501364528782616,0.5886908159359906,1.1845876759504024,0.3935180520422442,0.8761272349234326
CUST_329,Kiosk,987.2359451156465,low,0.4094938227066037,0.738374919774259,1.0266783679564313,0.5247212126447134,0.8385174829383408
CUST_330,Supermarket,4754.014611117136,medium,0.7289264851646247,0.4839703565411184,1.1953911831656412,0.46208178504715747,0.7503964258188626
CUST_331,Supermarket,3985.3038725837023,low,0.26838005115063324,0.5392864026368022,0.830407298626282,0.4025843716003211,0.8069326168107182
CUST_332,Kiosk,530.8236885542506,medium,0.2207379612616156,0.5639962171772784,1.197034351380319,0.3453017280553966,0.6779055988529239
CUST_333,Kiosk,822.7413674581179,medium,0.3300164921267807,0.7515250727266307,0.9520290854146901,0.48608370206734497,0.6476897403525381
CUST_334,Restaurant,1958.2706307903106,high,0.2514546786056951,0.5607832185367687,0.9519999972333824,0.4919451409351113,0.5771384453015599
CUST_335,Kiosk,1092.5359200253254,medium,0.4524901596798423,0.4549122572177435,1.177184090936981,0.32236793249814766,0.880673245600486
CUST_336,Bar,1711.765571098717,low,0.2611080626485813,0.6585877095856234,1.0227940128884911,0.35622042420522937,0.5516464636708122
CUST_337,Bar,1304.7016819244932,medium,0.5879538637783004,0.7581547331722548,1.113775489701123,0.5318590886340958,0.5061703074419772
CUST_338,Kiosk,703.584247504102,medium,0.7454183739370828,0.8349063064208748,1.0238146183049903,0.5963651000640283,0.6213712601809219
CUST_339,Restaurant,2830.3451634204994,high,0.46651241644212016,0.4833040353756501,0.9204525061500275,0.34656197110539233,0.5316335751384772
CUST_340,Kiosk,630.8826341588076,medium,0.494771637840767,0.6905387883603571,0.8307685445580629,0.22584986889445144,0.6232950341735015
CUST_341,Kiosk,553.3338813300705,high,0.631668154425053,0.6747169797434167,0.8541958102722704,0.10338368471273576,0.697845989213203
CUST_342,Kiosk,873.1061634475736,medium,0.5081560450368773,0.6583697325683033,1.12941409605595,0.4255184291833094,0.7971964595322477
CUST_343,Supermarket,4293.959885330467,medium,0.622247887872869,0.8171753773131287,0.9916038969581821,0.18881863565957033,0.699119791272004
CUST_344,Supermarket,3391.6681895546444,medium,0.7144120558088305,0.77974147718105,1.187105234193442,0.49098718480178827,0.6629431187214527
CUST_345,Supermarket,3434.754033258013,medium,0.45551087617666625,0.9592402915530674,0.8799200194842429,0.5986324628652225,0.5899636063043499
CUST_346,Bar,1939.2299624145817,high,0.5231355559832039,0.8250202307536381,0.9753819817235634,0.24566560399264767,0.8464176396621714
CUST_347,Kiosk,365.57469755080274,high,0.5495122507022722,0.7800016237921982,0.8968084670683195,0.4293314842661591,0.8576181956497131
CUST_348,Kiosk,377.76086768703345,low,0.5143467045835437,0.7587603128518225,1.0328976076865348,0.36718370060105854,0.9617478770032233
CUST_349,Kiosk,584.4667336242692,high,0.2257356148474264,0.9810568244436211,1.0806537148222373,0.5061484878394975,0.7969099716774388
CUST_350,Bar,1671.9317089728916,low,0.7382678335440283,0.7945609867484593,0.9420035277793959,0.4234999239917021,0.5221483467639247
CUST_351,Kiosk,893.2722696794013,medium,0.8760017443996797,0.6582733263341094,0.804219109113832,0.22936918520182772,0.7553381202625223
CUST_352,Restaurant,3680.284973559642,medium,0.46188369746352664,0.6778379251316586,1.071822195019096,0.4452186528610653,0.5753724662399566
CUST_353,Bar,2314.5957739212117,medium,0.2731845506042432,0.6495852571154276,1.1846911462719882,0.15803466897948734,0.9703380790730964
CUST_354,Restaurant,2372.0491760292584,medium,0.418323240728279,0.6731995811355262,0.8827469304833259,0.34146299938969427,0.7380812656045818
CUST_355,Kiosk,794.2951376291934,high,0.6877342858665663,0.5913456845306203,0.9201056332727762,0.505092968459349,0.5575426333493929
CUST_356,Supermarket,2796.9647624346294,high,0.27655387724934166,0.8800300754503343,1.171968978595437,0.4702447423484658,0.7579969509484367
CUST_357,Restaurant,2485.189491206088,medium,0.5918942667429041,0.9750775730403698,0.8927422189645642,0.30252371814012646,0.5922258875756968
CUST_358,Kiosk,713.4024083239585,medium,0.22043459203967342,0.7684641624231519,0.8789297743128985,0.3961015791801842,0.6944178901778535
CUST_359,Restaurant,2758.1748482704716,low,0.39484138136079794,0.8222558460029801,1.1184032203631513,0.3886739526009263,0.8997511784433548
CUST_360,Restaurant,1838.2152451581417,medium,0.4281894381191729,0.6745302533237113,0.9049413581809443,0.5313182737286537,0.7638575098138913
CUST_361,Supermarket,4623.215817089407,high,0.4720474826389245,0.6355264034286352,0.8456928293345113,0.2759924622085609,0.7289302930882673
CUST_362,Restaurant,3726.1911304020623,high,0.694191852662186,0.5784669008196112,1.0457938062851677,0.1423759843115139,0.5669738848253554
CUST_363,Bar,1734.7439109258855,low,0.41376600177484923,0.5098267109988901,1.077374616686578,0.3554124347435804,0.7091195531056294
CUST_364,Restaurant,2821.3693776791533,high,0.4685969739863809,0.5114522195756595,1.054200656823454,0.4467164632646776,0.8226300475399753
CUST_365,Restaurant,3052.11519336889,high,0.3168058666791723,0.5733008644296074,0.8748394319849611,0.520992607068274,0.8097049893945875
CUST_366,Supermarket,3518.5354337369963,low,0.5392262436119787,0.5170770949805495,0.9535776703471812,0.38079103866755226,0.8265348803064594
CUST_367,Kiosk,867.227744543125,high,0.5442081160168446,0.8260854237074784,0.9775406971237048,0.1836267437140294,0.7826988996224876
CUST_368,Restaurant,2510.0739206254357,medium,0.22288656080064956,0.5349060499859242,0.9154681240564853,0.4903700987149826,0.7828252305929297
CUST_369,Kiosk,829.3028295646495,high,0.557564186150191,0.7436284323671758,0.9071555637571603,0.37155309104652257,0.9954468100028551
CUST_370,Bar,1336.19412968672,high,0.5089566058102792,0.5311251610060441,0.9700618746948731,0.467994348816837,0.8268358511900361
CUST_371,Restaurant,2519.6081394071543,medium,0.812366892393819,0.4193382372695163,0.9051260898964911,0.5310998127487622,0.5434915029967945
CUST_372,Bar,2098.7989747472698,low,0.34691471731284185,0.8425677892025882,1.0756534348447049,0.530524348135121,0.8051309013097384
CUST_373,Kiosk,1235.3430823385124,low,0.6313058398475087,0.8709095859823509,1.1254119461981735,0.5027202466851391,0.7850371724024992
CUST_374,Supermarket,5151.124991302248,high,0.5771379822333467,0.594192169512809,1.0816215047020754,0.2446666217324718,0.6336715331390401
CUST_375,Bar,3091.9094745069337,low,0.8739403964956542,0.8714146289747784,1.1675074847319302,0.5962431128223372,0.9335237952168892
CUST_376,Restaurant,1886.1219496895606,high,0.8062551564938096,0.5498063451628838,1.0845579395356677,0.5142409013493163,0.8807367937399284
CUST_377,Kiosk,1061.6961910162036,medium,0.2995201431527575,0.7794411894770733,1.0511251283115897,0.28758616392311354,0.5377581366659245
CUST_378,Bar,1910.005203443011,medium,0.5609294304613893,0.5669354127110702,1.17453444563543,0.284535587037711,0.9751270394326913
CUST_379,Supermarket,6627.763519861206,high,0.20173115959938934,0.864481174262616,1.0930896106157948,0.4654659687435265,0.7292246283398589
CUST_380,Supermarket,3030.042057573818,low,0.7569745486534918,0.6386295209131982,1.1872514320303293,0.5124238238180111,0.7473574737777443
CUST_381,Supermarket,2992.3337893830685,medium,0.43642860861955113,0.746760184156571,1.026456844366856,0.3426689520042525,0.6718698102763097
CUST_382,Bar,1440.3644127335867,low,0.2697023193413441,0.870333857104341,0.9838327050694268,0.16211858961519923,0.9288257999643069
CUST_383,Kiosk,162.83128270705788,medium,0.20047315205847296,0.9748190615823834,0.8809272825589599,0.4442959409557552,0.5659565436920068
CUST_384,Supermarket,3369.0939739830865,low,0.8120963584848335,0.9259570223421728,0.8373359938102602,0.2802176916986304,0.54121026535274
CUST_385,Restaurant,1892.6938707570416,low,0.47743909685256325,0.5833055469065385,1.0797765486098294,0.21707192074220974,0.8277426141917674
CUST_386,Bar,1890.2362718857246,low,0.34939482386234916,0.44676323294356374,1.0374717987364257,0.3597221273183179,0.7225334383893272
CUST_387,Bar,2005.0535854662958,high,0.4405019050238752,0.4723562716908227,1.1441361171672164,0.4470155005610553,0.7388501207188827
CUST_388,Restaurant,4000.936671372709,medium,0.26253175669561596,0.8835741002966189,0.8412806132833703,0.28378084481130905,0.6496276637059797
CUST_389,Kiosk,1085.127151455815,low,0.6491033039618888,0.8062822467514265,0.8273646430090317,0.381645607234816,0.805159619636909
CUST_390,Restaurant,2038.4770754700776,medium,0.4458314031787396,0.5278332708541156,1.0993075345497552,0.5599470623273771,0.8080380063003532
CUST_391,Kiosk,530.4755985954926,low,0.26068162342619194,0.4602790674865833,1.100978258619181,0.39478695888075654,0.6920159546715603
CUST_392,Kiosk,947.5757514519516,medium,0.7537536628386463,0.5486718249781474,1.057848227275159,0.2240835135929161,0.8004995308816726
CUST_393,Supermarket,2415.7201515752295,high,0.21877708430233944,0.9082420125234367,1.15033087522283,0.20272285907622098,0.8034634348359799
CUST_394,Restaurant,3965.167012683483,high,0.4742257111287075,0.78770186478452,1.113520639830567,0.4968890158633571,0.6196705382126857
CUST_395,Kiosk,1153.832036216386,low,0.3687572289236469,0.7828493979301889,0.8284048006781534,0.5443622640434539,0.5060335061955545
CUST_396,Supermarket,3436.9892174743545,medium,0.2923880165128914,0.9164884023620484,1.0273521555091845,0.2827062314240494,0.8414710245012131
CUST_397,Kiosk,286.0596412727367,low,0.21168258123959935,0.44051954156366036,0.9048741108648268,0.11991343096859489,0.5302344297941028
CUST_398,Kiosk,1206.1617122496239,high,0.40054146006702995,0.8275774456607503,1.1068440002662896,0.3117876175858476,0.70113870532225
CUST_399,Restaurant,2408.368123797906,medium,0.25851795164447144,0.44741293718504027,1.1683699435090944,0.5871566921772811,0.5776885656132928
CUST_400,Supermarket,5485.379574368154,medium,0.6105060141087023,0.8579344786756924,1.059935813191699,0.42157728473139955,0.6550847466985728
CUST_401,Kiosk,321.6717023616899,high,0.8673995837012505,0.5431824329103795,0.8977919014877462,0.5623138771745696,0.5579932907721841
CUST_402,Bar,1440.3749862277364,medium,0.6662557052015174,0.7948314163416245,0.8702583614571184,0.1063324857797496,0.5686058986987904
CUST_403,Bar,1803.14621983091,low,0.5474890527659009,0.6080230766073109,1.0068891369789454,0.5112534363596347,0.6296234807631483
CUST_404,Supermarket,4056.3767125176905,low,0.7248434688656538,0.9240760338400207,1.0931743350220167,0.15902836014118152,0.9499487132927635
CUST_405,Supermarket,3459.921434224908,medium,0.39038641651494765,0.4383231934738889,1.0849292992801982,0.38832583735709203,0.5385350156431927
CUST_406,Kiosk,986.8549797042497,high,0.4520867268652273,0.69976600345683,1.02675445129538,0.28384388892840584,0.6275580405195391
CUST_407,Bar,1159.4277423704434,high,0.6718843020941678,0.4692001621204812,1.0963119849825647,0.1012842530162554,0.9293445045610089
CUST_408,Bar,1714.572308987224,low,0.23218707092281585,0.6183858977987444,1.168090618103995,0.18948046688422585,0.9801710726972117
CUST_409,Bar,1872.1773790271393,high,0.7621808405202877,0.8284124809831344,1.0622813177686015,0.2122576569087878,0.6241315916786216
CUST_410,Supermarket,4617.326600870499,medium,0.7781978968867729,0.742921577570475,0.8477603718699245,0.43666285835929586,0.526336074543537
CUST_411,Restaurant,3069.291902471112,high,0.8869897047590465,0.9724476444762565,0.827570575109098,0.3325470889584431,0.6411534353104512
CUST_412,Supermarket,2650.429489794557,medium,0.2604698657033144,0.6740477055667453,0.9475677436610197,0.24579754532801631,0.8922536086436708
CUST_413,Restaurant,1272.7086634115021,medium,0.4577915393872831,0.9831146470905572,1.1991148465055623,0.48794297797762753,0.8662316683696333
CUST_414,Restaurant,3522.1414575188073,low,0.20446451792626286,0.646021665739612,0.8931990967438972,0.27321184886970307,0.919787003448087
CUST_415,Bar,1999.388407187755,medium,0.20102342837490444,0.7943823101055987,1.1396023951115688,0.4636075195204863,0.5519745096757798
CUST_416,Restaurant,1901.210770754757,medium,0.5444202137949283,0.4359370453919138,1.1987837080430195,0.45582623735005134,0.5465133191790441
CUST_417,Restaurant,3740.9215804180185,high,0.4891397624507012,0.9373467640839158,0.9833832114176595,0.47394969942011833,0.7903853136881329
CUST_418,Restaurant,2592.539707434287,high,0.7739740243259512,0.4448982905979265,1.0271282913156834,0.3174914392174927,0.9821091373663704
CUST_419,Restaurant,3443.4377472510614,medium,0.38269365724652704,0.589005349245855,1.120326728799798,0.45036280316077104,0.867676434391184
CUST_420,Supermarket,4081.0221776921308,medium,0.3903691102827181,0.44481246148148784,0.8810850505116935,0.4899684912344314,0.7923540179020645
CUST_421,Restaurant,4148.5983399055895,low,0.31506248648983776,0.679633067461997,0.9626050207636855,0.36796227454501185,0.9823173611251144
CUST_422,Restaurant,3904.2726739545633,medium,0.41581540274875317,0.5590047561488249,0.8479654225421575,0.1788076885327581,0.8430274214752576
CUST_423,Bar,1650.621510912556,low,0.7851473256915904,0.5966761953308752,0.8364851615165395,0.22410939473062755,0.6778713777521419
CUST_424,Bar,2382.9425705726135,high,0.4091884976783152,0.8920537694871871,0.8695470930072131,0.576048303411872,0.9273006523110016
CUST_425,Restaurant,3016.300759668118,low,0.5234302742133672,0.8823380520663101,0.855917215709249,0.1059784615847065,0.9151861659473179
CUST_426,Restaurant,3594.905246025879,low,0.3386931246263637,0.6403490858029115,1.0745141048142242,0.568787449019719,0.5420197121140502
CUST_427,Supermarket,2842.0918473038746,low,0.21526012791702892,0.4386832216281459,1.1609984327733125,0.3217156619179944,0.5643957744985022
CUST_428,Supermarket,4823.261751998127,low,0.2298874233633016,0.6765969532011644,0.8671956834916226,0.38694209990336137,0.9108427007661419
CUST_429,Kiosk,1117.5273460548763,medium,0.22063760510020405,0.8099277500510097,0.8691228847323157,0.20735805298501334,0.5935755568555808
CUST_430,Supermarket,1889.512616292263,medium,0.8183966592255383,0.42078966623890357,1.0476706195383583,0.22289238962262273,0.6475525814998582
CUST_431,Kiosk,445.0224462002675,high,0.5353216509721082,0.4526329306354045,0.9532061104096056,0.3096174105981655,0.8213262628192175
CUST_432,Restaurant,868.6142577919195,high,0.8958610941582743,0.7261940097578448,0.8078119933289397,0.29124904193697776,0.8566853342917267
CUST_433,Kiosk,719.1779496666327,high,0.7470045740848454,0.6064204718739257,1.0262604460191525,0.26080220933400566,0.635217842384487
CUST_434,Bar,2230.5253534775775,medium,0.6179814469316165,0.41758207632198086,1.1242757462815591,0.2404663326538772,0.9043269417864506
CUST_435,Kiosk,1250.7071156288084,high,0.45020302487007907,0.750393351910736,0.893104851168334,0.17981240414133046,0.6239285270007864
CUST_436,Restaurant,2559.2758243358203,medium,0.5735826952114671,0.8747423272606409,1.0948240550038477,0.4820248618587555,0.9739012391098275
CUST_437,Kiosk,1288.5846636713875,medium,0.8546442224640813,0.9949251525635461,0.8694848125460755,0.21827556637123044,0.6590021841459357
CUST_438,Supermarket,2343.87825014213,high,0.21974459880901137,0.820336482010851,1.179023494028006,0.3818032433915969,0.7815544454320091
CUST_439,Restaurant,1137.2940485158763,medium,0.5794872210646953,0.5053340605963905,0.8151854964800399,0.1280839884006357,0.8008313932225442
CUST_440,Bar,1766.6713806620287,high,0.5345922917163255,0.5990403961445221,1.0456539070649873,0.5032227066550015,0.6703795221333863
CUST_441,Restaurant,2807.252359151446,medium,0.24168917399152384,0.4886272113916688,1.0818785366929298,0.17082633217560686,0.5554602959993514
CUST_442,Supermarket,3960.7663022870884,low,0.46151354605836126,0.965153928080825,0.9582382249415418,0.15051608509034317,0.6508825768627345
CUST_443,Restaurant,846.0463199680987,low,0.7126464177972485,0.6621210297577493,1.0557063965817157,0.3436000095649818,0.6586416966252129
CUST_444,Supermarket,3893.055952584654,low,0.6658721686323367,0.8886725418657881,0.9513536432588793,0.4669974866826029,0.6472586323594613
CUST_445,Restaurant,1456.4243995961174,high,0.2012585346710061,0.8212050688953615,1.0291339170682472,0.5253784827675042,0.8854151962890622
CUST_446,Bar,2201.803529298023,low,0.6216720672156798,0.9526229298508476,1.187012674246374,0.21044762521850605,0.7827751230601603
CUST_447,Kiosk,909.9794738290545,low,0.4318178983162368,0.44668398307858076,0.9387240498732914,0.25975933957057973,0.8180933851201841
CUST_448,Bar,1236.072128203587,high,0.6690171997798373,0.8375715682803997,0.9342997862298188,0.10569781014774901,0.6048421422002497
CUST_449,Bar,1491.6798495979838,medium,0.3796605590799004,0.4648207607287776,0.800512462997876,0.292968548976705,0.8662922472493844
CUST_450,Restaurant,1652.6291824888388,medium,0.5451573954316933,0.6272275448645555,1.0184095870713816,0.1507142798185608,0.7397446251985802
CUST_451,Restaurant,2449.8567221814624,low,0.5159011934071523,0.8795167394538037,0.8133651146140952,0.110038999165285,0.630563854991131
CUST_452,Bar,2373.085392300743,low,0.4392657408049228,0.9327587606405819,0.8643617979645285,0.1375012105220789,0.9709170717676139
CUST_453,Bar,1208.5643721986737,medium,0.6158213808364664,0.7681868354673362,0.9930947145953912,0.1154966020260875,0.9712211290509819
CUST_454,Restaurant,2903.2372124142757,high,0.8228272892828306,0.4942622663984705,0.8405031243893343,0.20277523835896857,0.5949921287941927
CUST_455,Supermarket,3363.690857953071,high,0.39706615141168566,0.5425289709683474,0.819854177215404,0.38588490392887076,0.9199272524228255
CUST_456,Restaurant,1865.7017341901246,low,0.45258024485909115,0.6565635744674281,0.917819779586486,0.43101011300493386,0.8001077640068843
CUST_457,Restaurant,2414.375712036354,low,0.21801498491218002,0.5024993150153338,0.916724586418443,0.14096804735649618,0.9218845371734683
CUST_458,Supermarket,2757.7092130967512,medium,0.5296611170647126,0.9369264900432828,0.9060017588470485,0.42093319127010564,0.6937635585102484
CUST_459,Supermarket,3335.6208335833817,medium,0.45858116545236155,0.6674651624766749,0.9053183866731537,0.3325289780773253,0.6131211401413335
CUST_460,Supermarket,2562.546528893382,high,0.24314755876206953,0.8513410852691723,1.0669873836538273,0.14285365591995855,0.6718956932730233
CUST_461,Kiosk,1389.4175398749167,high,0.3592589310371975,0.4365902476346366,0.9548424387526667,0.3612911366620364,0.9828138520401508
CUST_462,Kiosk,810.5790655915185,high,0.8171577085923358,0.6857573686488811,0.8315820199096333,0.5513886006695771,0.8571528495651799
CUST_463,Restaurant,1940.2195936059315,low,0.8644783715161095,0.6694238417128278,1.179624593211317,0.18358239372136023,0.6059450798051831
CUST_464,Restaurant,2671.1839285873775,low,0.22987313044341226,0.4470211132836935,1.0732501877409018,0.20095963998611724,0.9112820164383434
CUST_465,Restaurant,2410.1375602473363,high,0.3805204519914436,0.9464826914389566,1.1656695747594346,0.1335059765243062,0.6940495765073753
CUST_466,Kiosk,733.7091201400331,high,0.4282887637588152,0.5657204919443496,0.9832628724490461,0.5367331266863785,0.8932753194138858
CUST_467,Kiosk,984.2500100130276,low,0.49010967913828507,0.48891984477606676,1.0351736533125553,0.47918869392883645,0.9698249924935549
CUST_468,Bar,2254.504626028383,high,0.7456812878749766,0.8714473781858065,1.1469901071060702,0.5400678923125162,0.9389467813480274
CUST_469,Supermarket,3363.398622867367,medium,0.6583513694994847,0.7432139438791372,0.9892186463995745,0.1860998640783658,0.7014869792157883
CUST_470,Kiosk,627.254527806596,low,0.47705492096172225,0.9273745790041718,1.0762055016683916,0.12464548776205561,0.7376090955765358
CUST_471,Supermarket,3669.9379634180273,medium,0.21416302201529033,0.8904315551831665,0.9212219813792386,0.2401733265923208,0.7458096066796585
CUST_472,Bar,418.8473011586491,low,0.29406986467790835,0.9845316547619862,0.9772442453325716,0.5129116658898752,0.6347099905043818
CUST_473,Kiosk,345.4426813404343,high,0.651888367999351,0.5127614145355669,0.8845562008423591,0.5119847171275703,0.870472399460004
CUST_474,Supermarket,5640.249120933429,low,0.5606887918266898,0.4953834655834003,0.9244492373155635,0.3533976376182777,0.5678249105085299
CUST_475,Bar,2786.9806281007704,low,0.33493441278209074,0.8997579598459308,1.1347906710434779,0.22474513066213966,0.7282243335640404
CUST_476,Supermarket,3701.156752532346,high,0.33937684067923013,0.6210111565448625,0.9856873855147552,0.2984711387582488,0.9615367841864856
CUST_477,Bar,2145.9341778334597,low,0.46072673307471507,0.7564261560712908,0.8710334776655447,0.5352403859592314,0.7934401242112135
CUST_478,Supermarket,4373.500185452243,medium,0.3144595301624956,0.9366951521873172,1.0995844537939732,0.44442526880797717,0.642534688217381
CUST_479,Kiosk,1723.6642425365712,low,0.31403518391903434,0.7433548366121805,1.185967043680902,0.5285555937191512,0.823689945880741
CUST_480,Restaurant,3395.6599291476614,medium,0.6561111329991745,0.7079687402548747,1.1458519720444191,0.5835691778643903,0.8410998657677247
CUST_481,Kiosk,761.6247225557701,low,0.6531600879225168,0.7606851702967203,0.8033854908459486,0.22619522068032574,0.9025427845977432
CUST_482,Supermarket,2853.351471279489,high,0.8769171103578637,0.7856441867740984,0.9695227202638477,0.28823772613550036,0.6743545996360407
CUST_483,Supermarket,2072.2644156909128,low,0.526688610848051,0.8063176938323879,1.1297243285882654,0.2985762699860601,0.5511560514843001
CUST_484,Supermarket,4244.156363040668,high,0.6531394840452132,0.7654300627828101,0.919390370501319,0.15405226529292174,0.5319185269485549
CUST_485,Supermarket,3092.379105658836,high,0.427595949195654,0.5661309581748257,1.0624478420945815,0.5760938990577079,0.8257332343563106
CUST_486,Restaurant,1362.1970323218607,low,0.5621055099057559,0.5441812466070967,0.8227098697585756,0.5286576800136408,0.9050144873560715
CUST_487,Kiosk,606.028134727242,high,0.4237100167313891,0.4839577051458502,0.8101821084481495,0.3486864142025601,0.6478023166188086
CUST_488,Kiosk,475.53559891568153,medium,0.4717924447038208,0.42119140289585455,1.0832275837503484,0.3860212170184206,0.5949575802056754
CUST_489,Restaurant,3849.7133080580516,high,0.5742445710809492,0.8709382331776702,1.162610602202022,0.43593423798120445,0.7536574278034076
CUST_490,Restaurant,3205.3118055595605,high,0.8135463490394772,0.5086815146824005,0.8390412255250838,0.16397206984802667,0.629325925280104
CUST_491,Restaurant,2493.621886946706,high,0.8297138104956054,0.7926607866106918,0.8889014046051603,0.21166396269280432,0.9357161160822409
CUST_492,Kiosk,1243.9832416670079,medium,0.46017770083540277,0.7513424171241423,0.985504251275104,0.15889073562076897,0.5268384772032252
CUST_493,Bar,1846.420984588571,medium,0.8225982430292715,0.7002864246956226,1.146999101879292,0.29083460990279353,0.6491778769087316
CUST_494,Bar,1283.2294792030418,low,0.29615568142118676,0.5201779544770861,0.9636767387008416,0.384701793986727,0.9533104672530638
CUST_495,Kiosk,1256.9372231808973,low,0.42146842035409626,0.8294010736660216,1.1115764709735259,0.3437904228740537,0.8155163861313476
CUST_496,Restaurant,2931.128034947727,medium,0.6441492784068696,0.40282810085439635,0.9094111448805998,0.4805966406074996,0.5843028782914539
CUST_497,Restaurant,1670.203076538835,medium,0.7496476339883984,0.8678514737846315,0.8517623830273144,0.3168557071443183,0.7147048615045603
CUST_498,Kiosk,742.8983965749176,medium,0.46832149403742246,0.42263519108496284,0.8797657004912468,0.28655070271368555,0.5070385593623161
CUST_499,Supermarket,2949.2580959382913,high,0.3334036969582832,0.806048885006266,1.050674771468649,0.22441156143794097,0.8467623735851986
CUST_500,Supermarket,2340.6403228427966,medium,0.2902515602998119,0.6301302857846163,1.0354682752672288,0.1835100936341547,0.9119219148372052
